Asset,Weight
Stock_A,0.2606229062369004
Stock_B,0.08536689680506714
Stock_C,0.1546405947288663
Stock_D,0.1338572718737056
Stock_E,0.36551233035546055
